"kuerzel";"personalTyp";"anrede";"titel";"amtsbezeichnung";"nachname";"vorname";"geschlecht";"geburtsdatum";"staatsangehoerigkeit";"strassenname";"hausnummer";"hausnummerZusatz";"plz";"wohnort";"telefon";"telefonMobil";"emailPrivat";"emailDienstlich";"istSichtbar";"istRelevantFuerStatistik"
"AMMO";"LEHRKRAFT";"Frau";"Prof. Dr.";"STD";"Ammon";"Sabine";"4";"1991-06-18";"000";"Altgrabauer Straße";"227";"";"48157";"Münster";"01234 380479";"0197 983459";"S.Ammon@lmail.de";"s.ammon@dienst.lmail.com";"true";"false"
"ARAU";"LEHRKRAFT";"Herr";"Dr.";"OSTD";"Araujo-Cintra";"Markus";"3";"1972-05-02";"000";"Spitzerstraße";"263";"";"47447";"Moers";"01234 359047";"0197 438028";"M.Araujo-Cintra@lmail.de";"m.araujo-cintra@dienst.lmail.com";"true";"false"
"ASH";"LEHRKRAFT";"Frau";"";"";"Ashrati";"Tahmina";"4";"1990-07-05";"000";"Berlinerstr.";"5";"";"42579";"Heiligenhaus";"";"0176 31551871";"";"t.ashrati@dienst.lmail.com";"true";"true"
"BART";"LEHRKRAFT";"Herr";"";"RSCHD";"Barta";"Mario";"3";"1970-04-15";"000";"Gutsmuthsweg";"211";"";"58636";"Iserlohn";"01234 726216";"0197 831685";"M.Barta@lmail.de";"m.barta@dienst.lmail.com";"true";"true"
"BAUM";"LEHRKRAFT";"Frau";"";"";"Baumbach";"Kathrin, Katrin";"4";"1950-06-29";"000";"Ottomar-Geschke-Straße";"453";"";"46284";"Dorsten";"01234 510283";"0197 432461";"K.Baumbach@lmail.de";"k.baumbach@dienst.lmail.com";"true";"false"
"BDL";"LEHRKRAFT";"Herr";"";"";"Brindl";"Marc";"3";"1988-08-25";"000";"Linienstr.";"17";"";"42289";"Wuppertal";"";"0176 57746172";"";"m.brindl@dienst.lmail.com";"true";"true"
"BEC1";"LEHRKRAFT";"Frau";"";"";"Beck";"Ines";"4";"1988-05-21";"000";"Guerickestraße";"180";"";"58300";"Wetter";"01234 717858";"0197 335021";"I.Beck@lmail.de";"i.beck@dienst.lmail.com";"true";"true"
"BEES";"LEHRKRAFT";"Frau";"";"";"Beesten";"Maria";"4";"1966-04-05";"000";"Fürstenwalder Fußsteig";"154";"";"59071";"Hamm";"01234 595799";"0197 135724";"M.Beesten@lmail.de";"m.beesten@dienst.lmail.com";"true";"false"
"BEHR";"LEHRKRAFT";"Herr";"";"";"Behrendt";"Marcel";"3";"1959-10-20";"000";"Am Langen See";"435";"";"48477";"Hörstel";"01234 119962";"0197 994201";"M.Behrendt@lmail.de";"m.behrendt@dienst.lmail.com";"true";"false"
"BER1";"LEHRKRAFT";"Frau";"";"";"Berends";"Anna";"4";"1961-10-05";"000";"Legiendamm";"86";"";"41472";"Neuss";"01234 949238";"0197 463187";"A.Berends@lmail.de";"a.berends@dienst.lmail.com";"true";"true"
"BERT";"LEHRKRAFT";"Frau";"";"";"Bertmars";"Uta";"4";"1988-03-24";"000";"Neuer Weg";"434";"";"52068";"Aachen";"01234 919066";"0197 284403";"U.Bertmars@lmail.de";"u.bertmars@dienst.lmail.com";"true";"false"
"BIEK";"LEHRKRAFT";"Frau";"";"";"Bieker";"Nadine";"4";"1981-09-18";"000";"Schillerplatz";"319";"";"47053";"Duisburg";"01234 373683";"0197 672704";"N.Bieker@lmail.de";"n.bieker@dienst.lmail.com";"true";"true"
"BIES";"LEHRKRAFT";"Herr";"";"";"Biester";"David";"3";"1958-05-10";"000";"Kleine Wallgasse";"145";"";"42281";"Wuppertal";"01234 964474";"0197 487190";"D.Biester@lmail.de";"d.biester@dienst.lmail.com";"true";"true"
"BILL";"LEHRKRAFT";"Frau";"";"";"Billstein";"Claudia";"4";"1977-05-30";"000";"Nach dem französischen Kirchhof";"168";"";"58089";"Hagen";"01234 762545";"0197 683585";"C.Billstein@lmail.de";"c.billstein@dienst.lmail.com";"true";"true"
"BOLE";"LEHRKRAFT";"Frau";"";"";"Bolenius";"Ulrike";"4";"1964-05-29";"000";"Steinfurther Weg";"374";"";"45470";"Mülheim";"01234 367435";"0197 715289";"U.Bolenius@lmail.de";"u.bolenius@dienst.lmail.com";"true";"true"
"BRE1";"LEHRKRAFT";"Frau";"";"";"Breitfeld";"Jessika";"4";"1992-06-11";"000";"Eitelsdorfer Straße";"306";"";"59073";"Hamm";"01234 742275";"0197 295663";"J.Breitfeld@lmail.de";"j.breitfeld@dienst.lmail.com";"true";"true"
"BREI";"LEHRKRAFT";"Frau";"";"";"Breit";"Lisa";"4";"1961-08-12";"000";"Am Müggelsee";"194";"";"58454";"Witten";"01234 507308";"0197 954160";"L.Breit@lmail.de";"l.breit@dienst.lmail.com";"true";"true"
"BRI1";"LEHRKRAFT";"Frau";"";"";"Brinck";"Jessica";"4";"1975-09-27";"000";"Bölschestraße";"77";"";"52349";"Düren";"01234 495453";"0197 898065";"J.Brinck@lmail.de";"j.brinck@dienst.lmail.com";"true";"true"
"BRIS";"LEHRKRAFT";"Herr";"";"";"Bristdol";"Maik";"3";"1960-10-07";"000";"Alter Markt";"296";"";"40549";"Düsseldorf";"01234 643806";"0197 325760";"M.Bristdol@lmail.de";"m.bristdol@dienst.lmail.com";"true";"true"
"BRIX";"LEHRKRAFT";"Herr";"";"";"Brixius";"Tom";"3";"1990-06-14";"000";"Köllnischer Wursthof";"301";"";"45133";"Essen";"01234 453539";"0197 414848";"T.Brixius@lmail.de";"t.brixius@dienst.lmail.com";"true";"true"
"BRN";"LEHRKRAFT";"Frau";"";"";"Berns";"Nora Eva-Maria";"4";"1980-05-11";"000";"Suitbertusstr.";"16";"";"40223";"Düsseldorf";"";"0163 8774796";"noraberns@gmx.de";"n.berns@dienst.lmail.com";"true";"true"
"BRÜG";"LEHRKRAFT";"Frau";"";"";"Brügmann";"Ulrike";"4";"1978-01-15";"000";"Ammerseestraße";"416";"";"58739";"Wickede";"01234 661045";"0197 883623";"U.Bruegmann@lmail.de";"u.bruegmann@dienst.lmail.com";"true";"false"
"BRÜN";"LEHRKRAFT";"Frau";"";"";"Brüning";"Ines";"4";"1989-07-15";"000";"Mayschweg";"206";"";"48167";"Münster";"01234 118343";"0197 682523";"I.Bruening@lmail.de";"i.bruening@dienst.lmail.com";"true";"true"
"BUC1";"LEHRKRAFT";"Frau";"";"";"Buchholz";"Doreen";"4";"1986-09-25";"000";"Schulstraße";"477";"";"33415";"Verl";"01234 602197";"0197 499947";"D.Buchholz@lmail.de";"d.buchholz@dienst.lmail.com";"true";"false"
"BULT";"LEHRKRAFT";"Frau";"";"";"Bultmann";"Anja";"4";"1972-04-14";"000";"Delpzeile";"253";"";"47652";"Weeze";"01234 779822";"0197 681678";"A.Bultmann@lmail.de";"a.bultmann@dienst.lmail.com";"true";"true"
"BUR1";"LEHRKRAFT";"Herr";"";"";"Burghaus";"Benjamin";"3";"1993-08-09";"000";"Tabbertstraße";"15";"";"50769";"Köln";"01234 614926";"0197 456494";"B.Burghaus@lmail.de";"b.burghaus@dienst.lmail.com";"true";"true"
"BÖRS";"LEHRKRAFT";"Frau";"";"";"Börsting";"Kerstin";"4";"1949-03-07";"000";"Franklinstraße";"305";"";"40878";"Ratingen";"01234 726600";"0197 995742";"K.Boersting@lmail.de";"k.boersting@dienst.lmail.com";"true";"false"
"CASP";"LEHRKRAFT";"Frau";"";"";"Caspar";"Heike";"4";"1986-05-14";"000";"Alsenzer Weg";"49";"";"40474";"Düsseldorf";"01234 763494";"0197 135628";"H.Caspar@lmail.de";"h.caspar@dienst.lmail.com";"true";"true"
"CLAE";"LEHRKRAFT";"Frau";"";"";"Claeßens";"Simone";"4";"1994-03-10";"000";"Moltkestraße";"330";"";"32805";"Horn-Bad Meinberg";"01234 610104";"0197 582390";"S.Claessens@lmail.de";"s.claessens@dienst.lmail.com";"true";"true"
"CLAS";"LEHRKRAFT";"Frau";"";"";"Classe";"Nicole";"4";"1961-05-26";"000";"Kirchhofs-Straße";"490";"";"52399";"Merzenich";"01234 875499";"0197 970649";"N.Classe@lmail.de";"n.classe@dienst.lmail.com";"true";"false"
"COCH";"LEHRKRAFT";"Frau";"";"";"Coch";"Katharina";"4";"1986-07-17";"000";"Am Kanal";"13";"";"59759";"Arnsberg";"01234 799354";"0197 815891";"K.Coch@lmail.de";"k.coch@dienst.lmail.com";"true";"false"
"CRAS";"LEHRKRAFT";"Herr";"";"";"Crassbatter";"Michael";"3";"1975-10-02";"000";"Schillerstraße";"118";"";"47533";"Kleve";"01234 280366";"0197 119491";"M.Crassbatter@lmail.de";"m.crassbatter@dienst.lmail.com";"true";"false"
"CREU";"LEHRKRAFT";"Frau";"";"";"Creutzer";"Sophie";"4";"1985-05-02";"000";"Straße nach Fichtenau";"8";"";"45891";"Gelsenkirchen";"01234 208203";"0197 137841";"S.Creutzer@lmail.de";"s.creutzer@dienst.lmail.com";"true";"true"
"DEBI";"LEHRKRAFT";"Frau";"";"";"Debik";"Sabine";"4";"1957-04-07";"000";"Am Spreebord";"181";"";"59597";"Erwitte";"01234 349715";"0197 993881";"S.Debik@lmail.de";"s.debik@dienst.lmail.com";"true";"true"
"DEIC";"LEHRKRAFT";"Frau";"";"";"Deichmann";"Karolin";"4";"1989-05-25";"000";"Forstmeisterweg";"21";"";"46325";"Borken";"01234 256205";"0197 384555";"K.Deichmann@lmail.de";"k.deichmann@dienst.lmail.com";"true";"true"
"DEIP";"LEHRKRAFT";"Herr";"";"";"Deipenbrock";"Mathias";"3";"1976-07-21";"000";"Schönhauser Communication";"259";"";"46286";"Dorsten";"01234 447408";"0197 864118";"M.Deipenbrock@lmail.de";"m.deipenbrock@dienst.lmail.com";"true";"true"
"DEMM";"LEHRKRAFT";"Frau";"";"";"Demmerling";"Karin";"4";"1990-05-20";"000";"Schmelzen Straße";"361";"";"50737";"Köln";"01234 408150";"0197 110917";"K.Demmerling@lmail.de";"k.demmerling@dienst.lmail.com";"true";"false"
"DETM";"LEHRKRAFT";"Frau";"";"";"Detmar";"Christine";"4";"1991-04-17";"000";"Militscher Weg";"214";"";"50997";"Köln";"01234 144254";"0197 680652";"C.Detmar@lmail.de";"c.detmar@dienst.lmail.com";"true";"false"
"DIET";"LEHRKRAFT";"Herr";"";"";"Dietrich";"Thorsten";"3";"1986-10-25";"000";"Annenallee";"494";"";"46284";"Dorsten";"01234 619659";"0197 883753";"T.Dietrich@lmail.de";"t.dietrich@dienst.lmail.com";"true";"false"
"DOBB";"LEHRKRAFT";"Frau";"";"";"Dobberzin";"Karolin";"4";"1979-12-02";"000";"Chaussee von Charlottenburg";"2";"";"41352";"Korschenbroich";"01234 871232";"0197 369657";"K.Dobberzin@lmail.de";"k.dobberzin@dienst.lmail.com";"true";"false"
"DORN";"LEHRKRAFT";"Frau";"";"";"Dornseiff";"Christin";"4";"1971-03-07";"000";"Buchenweg";"314";"";"44263";"Dortmund";"01234 904568";"0197 628531";"C.Dornseiff@lmail.de";"c.dornseiff@dienst.lmail.com";"true";"true"
"DUMMY";"LEHRKRAFT";"";"";"";"DUMMY";"DUMMY";"";"";"000";"";"";"";"";"";"";"";"";"d.dummy@dienst.lmail.com";"true";"true"
"DÄHN";"LEHRKRAFT";"Frau";"";"";"Dähn";"Sophia";"4";"1995-05-24";"000";"Mittelstraße";"369";"";"57299";"Burbach";"01234 171850";"0197 631040";"S.Daehn@lmail.de";"s.daehn@dienst.lmail.com";"true";"true"
"DÜVE";"LEHRKRAFT";"Frau";"";"";"Düvelshövet";"Lena";"4";"1988-12-10";"000";"Schmale Straße";"128";"";"32469";"Petershagen";"01234 223478";"0197 789822";"L.Duevelshoevet@lmail.de";"l.duevelshoevet@dienst.lmail.com";"true";"true"
"ELLI";"LEHRKRAFT";"Herr";"";"";"Elliott";"Kevin";"3";"1995-08-23";"000";"Schwarzer Weg";"47";"";"59823";"Arnsberg";"01234 600226";"0197 777257";"K.Elliott@lmail.de";"k.elliott@dienst.lmail.com";"true";"true"
"EMME";"LEHRKRAFT";"Herr";"";"";"Emmerich";"Jürgen";"3";"1970-01-24";"000";"Münchweilersteig";"436";"";"44575";"Castrop-Rauxel";"01234 241727";"0197 869222";"J.Emmerich@lmail.de";"j.emmerich@dienst.lmail.com";"true";"true"
"ENGE";"LEHRKRAFT";"Frau";"";"";"Engel";"Birgit";"4";"1952-08-12";"000";"Bahrendorfer Straße";"286";"";"53840";"Troisdorf";"01234 376527";"0197 218015";"B.Engel@lmail.de";"b.engel@dienst.lmail.com";"true";"true"
"ERNS";"LEHRKRAFT";"Frau";"";"";"Ernst";"Sara";"4";"1956-11-17";"000";"Kleine Straße";"217";"";"41063";"Mönchengladbach";"01234 415992";"0197 692720";"S.Ernst@lmail.de";"s.ernst@dienst.lmail.com";"true";"false"
"ESCH";"LEHRKRAFT";"Frau";"";"";"Eschholtz";"Annett";"4";"1969-04-22";"000";"Kakernacks Geßlein";"59";"";"Auckland";"0626";"01234 697843";"0197 635902";"A.Eschholtz@lmail.de";"a.eschholtz@dienst.lmail.com";"true";"false"
"ESMA";"LEHRKRAFT";"Frau";"";"";"Esmarch";"Angelika";"4";"1960-07-25";"000";"Kösterdamm";"245";"";"46119";"Oberhausen";"01234 491930";"0197 548027";"A.Esmarch@lmail.de";"a.esmarch@dienst.lmail.com";"true";"true"
"FEDD";"LEHRKRAFT";"Frau";"";"";"Feddersen";"Ute";"4";"1982-11-30";"000";"Fürstenwalder Chaussee";"372";"";"48429";"Rheine";"01234 911465";"0197 892640";"U.Feddersen@lmail.de";"u.feddersen@dienst.lmail.com";"true";"false"
"FEIG";"LEHRKRAFT";"Herr";"";"";"Feige";"Niklas";"3";"1973-03-30";"000";"Schützenstraße";"295";"";"33161";"Hövelhof";"01234 332668";"0197 963336";"N.Feige@lmail.de";"n.feige@dienst.lmail.com";"true";"true"
"FERR";"LEHRKRAFT";"Frau";"";"";"Ferry";"Melanie";"4";"1965-03-07";"000";"Odernheimer Straße";"54";"";"49549";"Ladbergen";"01234 443000";"0197 395731";"M.Ferry@lmail.de";"m.ferry@dienst.lmail.com";"true";"true"
"FIE";"LEHRKRAFT";"Frau";"";"";"Fiebig";"Marion";"4";"1959-09-16";"000";"Backeskamp";"14";"";"40882";"Ratingen";"02102 1456374";"0157 38102296";"marionfiebig@gmail.com";"m.fiebig@dienst.lmail.com";"true";"true"
"FINK";"LEHRKRAFT";"Herr";"";"";"Finke";"Leon";"3";"1987-04-16";"000";"Annenallee";"364";"";"33154";"Salzkotten";"01234 280137";"0197 193404";"L.Finke@lmail.de";"l.finke@dienst.lmail.com";"true";"false"
"FIßL";"LEHRKRAFT";"Herr";"";"";"Fißler";"Frank";"3";"1958-06-05";"000";"Buschdorfer Straße";"472";"";"51469";"Bergisch Gladbach";"01234 810666";"0197 651423";"F.Fissler@lmail.de";"f.fissler@dienst.lmail.com";"true";"true"
"FLÖB";"LEHRKRAFT";"Frau";"";"";"Flöbb";"Annett";"4";"1982-05-23";"000";"Kannegießer-Gasse";"148";"";"44866";"Bochum";"01234 322514";"0197 146137";"A.Floebb@lmail.de";"a.floebb@dienst.lmail.com";"true";"false"
"FOX";"LEHRKRAFT";"Frau";"";"";"Fox";"Nadine";"4";"1962-11-17";"000";"Rehfeldtstraße";"409";"";"41334";"Nettetal";"01234 504668";"0197 724844";"N.Fox@lmail.de";"n.fox@dienst.lmail.com";"true";"true"
"FRI1";"LEHRKRAFT";"Herr";"";"";"Friese";"Niklas";"3";"1984-07-11";"000";"Köllnischer Fischmarkt";"345";"";"58239";"Schwerte";"01234 565313";"0197 502992";"N.Friese@lmail.de";"n.friese@dienst.lmail.com";"true";"true"
"FRIE";"LEHRKRAFT";"Frau";"";"";"Friedrich";"Kristin";"4";"1981-04-02";"000";"Kirchplatz";"61";"";"52441";"Linnich";"01234 200388";"0197 666378";"K.Friedrich@lmail.de";"k.friedrich@dienst.lmail.com";"true";"true"
"FRIT";"LEHRKRAFT";"Frau";"";"";"Fritze";"Birgit";"4";"1963-02-03";"000";"Sophienstraße";"486";"";"48356";"Nordwalde";"01234 144228";"0197 655914";"B.Fritze@lmail.de";"b.fritze@dienst.lmail.com";"true";"true"
"FROB";"LEHRKRAFT";"Frau";"";"";"Froben";"Stefanie";"4";"1963-07-02";"000";"Schöneicher Landstraße";"31";"";"59955";"Winterberg";"01234 893329";"0197 793879";"S.Froben@lmail.de";"s.froben@dienst.lmail.com";"true";"true"
"GABR";"LEHRKRAFT";"Frau";"";"";"Gabriels";"Claudia";"4";"1994-01-23";"000";"Appelbacher Weg";"424";"";"46509";"Xanten";"01234 858754";"0197 845075";"C.Gabriels@lmail.de";"c.gabriels@dienst.lmail.com";"true";"true"
"GARR";"LEHRKRAFT";"Frau";"";"";"Garrelts";"Anke";"4";"1980-05-23";"000";"Essenplatz";"25";"";"41239";"Mönchengladbach";"01234 977627";"0197 173347";"A.Garrelts@lmail.de";"a.garrelts@dienst.lmail.com";"true";"true"
"GELL";"LEHRKRAFT";"Frau";"Dr.";"";"Gellich";"Barbara";"4";"1999-03-03";"000";"Nach dem französischen Kirchhof";"486";"";"40233";"Düsseldorf";"01234 715022";"0197 242416";"B.Gellich@lmail.de";"b.gellich@dienst.lmail.com";"true";"true"
"GER1";"LEHRKRAFT";"Herr";"";"";"Gerth";"Klaus";"3";"1993-04-13";"000";"Englische Straße";"230";"";"58456";"Witten";"01234 289386";"0197 757285";"K.Gerth@lmail.de";"k.gerth@dienst.lmail.com";"true";"true"
"GERO";"LEHRKRAFT";"Herr";"";"";"Gerold";"Markus";"3";"1950-11-22";"000";"Bullenwinkel";"10";"";"50737";"Köln";"01234 224124";"0197 694321";"M.Gerold@lmail.de";"m.gerold@dienst.lmail.com";"true";"false"
"GEßB";"LEHRKRAFT";"Herr";"";"";"Geßberg";"Steffen";"3";"1954-01-01";"000";"Schöneicher Chaussee";"138";"";"45131";"Essen";"01234 408706";"0197 236211";"S.Gessberg@lmail.de";"s.gessberg@dienst.lmail.com";"true";"false"
"GIE1";"LEHRKRAFT";"Herr";"";"";"Giesen";"Marko";"3";"1966-08-29";"000";"Treskowstraße";"76";"";"45277";"Essen";"01234 339406";"0197 969854";"M.Giesen@lmail.de";"m.giesen@dienst.lmail.com";"true";"true"
"GIES";"LEHRKRAFT";"Frau";"";"";"Giese";"Lea";"4";"1963-09-18";"000";"Scheunenquergasse";"275";"";"32545";"Bad Oeynhausen";"01234 571944";"0197 937818";"L.Giese@lmail.de";"l.giese@dienst.lmail.com";"true";"false"
"GILD";"LEHRKRAFT";"Frau";"";"";"Gildemeister";"Christina";"4";"1988-02-29";"000";"Cedernstraße";"416";"";"57074";"Siegen";"01234 501896";"0197 102295";"C.Gildemeister@lmail.de";"c.gildemeister@dienst.lmail.com";"true";"true"
"GLAS";"LEHRKRAFT";"Herr";"DR.";"";"Glasenapp";"Michael";"3";"1977-03-06";"000";"Gotha-Allee";"314";"";"51503";"Rösrath";"01234 367067";"0197 531398";"M.Glasenapp@lmail.de";"m.glasenapp@dienst.lmail.com";"true";"true"
"GOLD";"LEHRKRAFT";"Herr";"";"";"Goldmann";"Christian";"3";"1967-07-06";"000";"Freienbrinker Saum";"216";"";"44135";"Dortmund";"01234 764421";"0197 175448";"C.Goldmann@lmail.de";"c.goldmann@dienst.lmail.com";"true";"false"
"GRO1";"LEHRKRAFT";"Frau";"";"";"Große-Vorspoel";"Nicole";"4";"1995-01-15";"000";"Fraunhoferstraße";"246";"";"50129";"Bergheim";"01234 338760";"0197 440345";"N.Grosse-Vorspoel@lmail.de";"n.grosse-vorspoel@dienst.lmail.com";"true";"true"
"GROß";"LEHRKRAFT";"Frau";"";"";"Große-Vorspoel";"Martina";"4";"1981-10-18";"000";"Peter-Hille-Straße";"184";"";"63874";"Dammbach";"01234 389310";"0197 557526";"M.Grosse-Vorspoel@lmail.de";"m.grosse-vorspoel@dienst.lmail.com";"true";"true"
"GÖDE";"LEHRKRAFT";"Herr";"";"";"Gödekens";"Marcel";"3";"1995-08-17";"000";"Allee nach Berlin";"315";"";"44627";"Herne";"01234 882480";"0197 874645";"M.Goedekens@lmail.de";"m.goedekens@dienst.lmail.com";"true";"true"
"HACK";"LEHRKRAFT";"Herr";"";"";"Hackenbracht";"Martin";"3";"1990-08-15";"000";"Schloßparkstraße";"351";"";"45897";"Gelsenkirchen";"01234 743568";"0197 216065";"M.Hackenbracht@lmail.de";"m.hackenbracht@dienst.lmail.com";"true";"true"
"HAME";"LEHRKRAFT";"Frau";"";"";"Hamel";"Andrea";"4";"1966-01-12";"000";"Luisenplatz";"343";"";"57223";"Kreuztal";"01234 122306";"0197 787432";"A.Hamel@lmail.de";"a.hamel@dienst.lmail.com";"true";"false"
"HANH";"LEHRKRAFT";"Herr";"";"";"Hanhof";"Sebastian";"3";"1956-08-08";"000";"Brauhofstraße";"277";"";"53797";"Lohmar";"01234 529903";"0197 876151";"S.Hanhof@lmail.de";"s.hanhof@dienst.lmail.com";"true";"false"
"HANI";"LEHRKRAFT";"Frau";"";"";"Haniel";"Petra";"4";"1963-06-27";"000";"Neue Gasse";"227";"";"50127";"Bergheim";"01234 965098";"0197 367566";"P.Haniel@lmail.de";"p.haniel@dienst.lmail.com";"true";"true"
"HARE";"LEHRKRAFT";"Frau";"";"";"Harenberg";"Marie";"4";"1993-11-05";"000";"Kleine Ackerstraße";"88";"";"33790";"Halle";"01234 479800";"0197 859978";"M.Harenberg@lmail.de";"m.harenberg@dienst.lmail.com";"true";"true"
"HARK";"LEHRKRAFT";"Herr";"";"";"Harke";"Dirk";"3";"1977-12-24";"000";"Am Hohenzollernkanal";"240";"";"41179";"Mönchengladbach";"01234 725354";"0197 293501";"D.Harke@lmail.de";"d.harke@dienst.lmail.com";"true";"false"
"HAS";"LEHRKRAFT";"Frau";"";"";"Has";"Julia";"4";"1964-10-06";"000";"Odernheimer Straße";"427";"";"52382";"Niederzier";"01234 331227";"0197 193218";"J.Has@lmail.de";"j.has@dienst.lmail.com";"true";"false"
"HAUM";"LEHRKRAFT";"Herr";"";"";"Haumers";"Kevin";"3";"1958-10-26";"000";"Gervinusstraße";"16";"";"52459";"Inden";"01234 945000";"0197 182539";"K.Haumers@lmail.de";"k.haumers@dienst.lmail.com";"true";"true"
"HAUT";"LEHRKRAFT";"Frau";"";"";"Hauth";"Heike";"4";"1989-07-06";"000";"Gotha-Allee";"252";"";"48336";"Sassenberg";"01234 596127";"0197 566895";"H.Hauth@lmail.de";"h.hauth@dienst.lmail.com";"true";"false"
"HECK";"LEHRKRAFT";"Frau";"";"";"Hecking";"Nadine";"4";"1988-07-13";"000";"Ohmstraße";"122";"";"59872";"Meschede";"01234 518339";"0197 975853";"N.Hecking@lmail.de";"n.hecking@dienst.lmail.com";"true";"false"
"HELF";"LEHRKRAFT";"Frau";"";"";"Helffreich";"Christina";"4";"1975-12-14";"000";"Steffelbauerstraße";"430";"";"47506";"Neukirchen-Vluyn";"01234 272432";"0197 505618";"C.Helffreich@lmail.de";"c.helffreich@dienst.lmail.com";"true";"true"
"HELZ";"LEHRKRAFT";"Frau";"";"";"Helzel";"Claudia";"4";"1963-02-07";"000";"Köllnische Straße";"273";"";"53804";"Much";"01234 638416";"0197 887662";"C.Helzel@lmail.de";"c.helzel@dienst.lmail.com";"true";"false"
"HEMP";"LEHRKRAFT";"Frau";"";"";"Hemphill";"Jessika";"4";"1982-05-01";"000";"Niebergallstraße";"156";"";"40595";"Düsseldorf";"01234 185900";"0197 400775";"J.Hemphill@lmail.de";"j.hemphill@dienst.lmail.com";"true";"false"
"HEN1";"LEHRKRAFT";"Frau";"";"";"Henningsen";"Mandy";"4";"1996-08-31";"000";"Erpetaler Weg";"196";"";"59387";"Ascheberg";"01234 313840";"0197 401917";"M.Henningsen@lmail.de";"m.henningsen@dienst.lmail.com";"true";"true"
"HENG";"LEHRKRAFT";"Herr";"";"";"Hengst";"Alexander";"3";"1959-11-25";"000";"Augsburger Straße";"426";"";"46119";"Oberhausen";"01234 354505";"0197 576856";"A.Hengst@lmail.de";"a.hengst@dienst.lmail.com";"true";"false"
"HENK";"LEHRKRAFT";"Frau";"";"";"Henkel";"Jessica";"4";"1976-03-18";"000";"Sophienkirch-Gasse";"91";"";"42119";"Wuppertal";"01234 871277";"0197 494873";"J.Henkel@lmail.de";"j.henkel@dienst.lmail.com";"true";"true"
"HENS";"LEHRKRAFT";"Herr";"";"";"Henser";"Ralph";"3";"1970-05-05";"000";"Friedbergstraße";"210";"";"40629";"Düsseldorf";"01234 730839";"0197 559061";"R.Henser@lmail.de";"r.henser@dienst.lmail.com";"true";"false"
"HEUV";"LEHRKRAFT";"Frau";"";"";"Heuveldop";"Lea";"4";"1978-12-31";"000";"Singerstraße";"473";"";"53925";"Kall";"01234 812386";"0197 423365";"L.Heuveldop@lmail.de";"l.heuveldop@dienst.lmail.com";"true";"true"
"HOF1";"LEHRKRAFT";"Herr";"";"";"Hoffmann";"Phillipp";"3";"1986-10-07";"000";"Adlershofer Straße";"235";"";"52382";"Niederzier";"01234 814586";"0197 923197";"P.Hoffmann@lmail.de";"p.hoffmann@dienst.lmail.com";"true";"true"
"HOFF";"LEHRKRAFT";"Frau";"";"";"Hoffmann";"Franziska";"4";"1986-11-28";"000";"Mühltaler Straße";"67";"";"33729";"Bielefeld";"01234 562574";"0197 359035";"F.Hoffmann@lmail.de";"f.hoffmann@dienst.lmail.com";"true";"false"
"HOL1";"LEHRKRAFT";"Frau";"";"";"Holthusen";"Ursula";"4";"1983-02-24";"000";"Albert-Berner-Straße";"479";"";"53343";"Wachtberg";"01234 637482";"0197 519824";"U.Holthusen@lmail.de";"u.holthusen@dienst.lmail.com";"true";"false"
"HOLD";"LEHRKRAFT";"Frau";"";"";"Hold";"Vanessa";"4";"1992-03-02";"000";"Treskowallee";"2";"";"30173";"Hannover";"01234 355618";"0197 842708";"V.Hold@lmail.de";"v.hold@dienst.lmail.com";"true";"false"
"HOPS";"LEHRKRAFT";"Frau";"";"";"Hopster";"Silke";"4";"1955-05-22";"000";"Beethovenstraße";"378";"";"59075";"Hamm";"01234 256183";"0197 425855";"S.Hopster@lmail.de";"s.hopster@dienst.lmail.com";"true";"true"
"HÖFE";"LEHRKRAFT";"Frau";"";"";"Höfelmann";"Tanja";"4";"1967-08-27";"000";"Kleine Präsidentenstraße";"267";"";"59557";"Lippstadt";"01234 963566";"0197 171578";"T.Hoefelmann@lmail.de";"t.hoefelmann@dienst.lmail.com";"true";"true"
"HÜPE";"LEHRKRAFT";"Frau";"";"";"Hüpe";"Monika";"4";"1965-01-19";"000";"Breestpromenade";"58";"";"47445";"Moers";"01234 282979";"0197 391943";"M.Huepe@lmail.de";"m.huepe@dienst.lmail.com";"true";"true"
"IVEN";"LEHRKRAFT";"Herr";"";"";"Iven";"Christian";"3";"1970-07-31";"000";"Schwedter Straße";"46";"";"44369";"Dortmund";"01234 258824";"0197 801250";"C.Iven@lmail.de";"c.iven@dienst.lmail.com";"true";"true"
"JANN";"LEHRKRAFT";"Frau";"";"";"Jannsen";"Sabine";"4";"1986-10-01";"000";"Stromstraße";"284";"";"58507";"Lüdenscheid";"01234 129554";"0197 940839";"S.Jannsen@lmail.de";"s.jannsen@dienst.lmail.com";"true";"true"
"JENN";"LEHRKRAFT";"Frau";"";"";"Jennings";"Angelika";"4";"1989-11-14";"000";"Biesdorfer Weg";"367";"";"47647";"Kerken";"01234 460432";"0197 289390";"A.Jennings@lmail.de";"a.jennings@dienst.lmail.com";"true";"true"
"JOOS";"LEHRKRAFT";"Herr";"";"";"Joos";"Erik";"3";"1991-08-13";"000";"Schiefergasse";"474";"";"32469";"Petershagen";"01234 945198";"0197 104195";"E.Joos@lmail.de";"e.joos@dienst.lmail.com";"true";"true"
"JUNA";"LEHRKRAFT";"Herr";"";"";"Junack";"Jörg";"3";"1974-12-11";"000";"Puchanstraße";"225";"";"42579";"Heiligenhaus";"01234 997613";"0197 190000";"J.Junack@lmail.de";"j.junack@dienst.lmail.com";"true";"true"
"KALL";"LEHRKRAFT";"Frau";"";"";"Kallenberger";"Marina";"4";"1966-12-28";"000";"Brahestraße";"294";"";"57439";"Attendorn";"01234 928561";"0197 616208";"M.Kallenberger@lmail.de";"m.kallenberger@dienst.lmail.com";"true";"false"
"KARS";"LEHRKRAFT";"Herr";"";"";"Karstaedt";"Maik";"3";"1966-01-11";"000";"Letzte Straße";"435";"";"33129";"Delbrück";"01234 889401";"0197 789322";"M.Karstaedt@lmail.de";"m.karstaedt@dienst.lmail.com";"true";"true"
"KENN";"LEHRKRAFT";"Frau";"";"";"Kennedy";"Tanja";"4";"1993-01-27";"000";"Am Graben";"316";"";"45731";"Waltrop";"01234 978562";"0197 143589";"T.Kennedy@lmail.de";"t.kennedy@dienst.lmail.com";"true";"true"
"KETE";"LEHRKRAFT";"Frau";"";"";"Ketels";"Sabrina";"4";"1989-11-09";"000";"Bredtschneiderstraße";"102";"";"51688";"Wipperfürth";"01234 245085";"0197 854981";"S.Ketels@lmail.de";"s.ketels@dienst.lmail.com";"true";"false"
"KEUS";"LEHRKRAFT";"Frau";"";"";"Keuss";"Ulrike";"4";"1993-02-05";"000";"Finkenweg";"12";"";"41334";"Nettetal";"01234 778134";"0197 197429";"U.Keuss@lmail.de";"u.keuss@dienst.lmail.com";"true";"true"
"KNUT";"LEHRKRAFT";"Herr";"";"";"Knuth";"Lukas";"3";"1973-05-15";"000";"Alter Tegeler Weg";"261";"";"45475";"Mülheim";"01234 556970";"0197 315113";"L.Knuth@lmail.de";"l.knuth@dienst.lmail.com";"true";"true"
"KOHL";"LEHRKRAFT";"Frau";"";"";"Kohl";"Lisa";"4";"1983-09-17";"000";"Fürstenbrunner Weg";"174";"";"58507";"Lüdenscheid";"01234 439092";"0197 612400";"L.Kohl@lmail.de";"l.kohl@dienst.lmail.com";"true";"false"
"KORF";"LEHRKRAFT";"Frau";"";"";"Korff";"Lena";"4";"1983-07-31";"000";"Schubertstraße";"35";"";"51588";"Nümbrecht";"01234 330192";"0197 698875";"L.Korff@lmail.de";"l.korff@dienst.lmail.com";"true";"true"
"KRAF";"LEHRKRAFT";"Frau";"";"";"Kraft";"Christina";"4";"1991-11-12";"000";"Linkstraße";"291";"";"41066";"Mönchengladbach";"01234 301009";"0197 715126";"C.Kraft@lmail.de";"c.kraft@dienst.lmail.com";"true";"true"
"KRAH";"LEHRKRAFT";"Frau";"";"";"Krahner";"Gabriele";"4";"1957-09-08";"000";"Neben dem Nikolai-Kirchhofe";"8";"";"45888";"Gelsenkirchen";"01234 344384";"0197 840805";"G.Krahner@lmail.de";"g.krahner@dienst.lmail.com";"true";"false"
"KRUE";"LEHRKRAFT";"Herr";"";"";"Kruesen";"Ralf";"3";"1996-04-19";"000";"Neue Blumenstraße";"220";"";"58791";"Werdohl";"01234 721966";"0197 376351";"R.Kruesen@lmail.de";"r.kruesen@dienst.lmail.com";"true";"true"
"KRUS";"LEHRKRAFT";"Herr";"";"";"Krusemark";"Lukas";"3";"1957-04-15";"000";"Fürstenwalder Allee";"131";"";"46487";"Wesel";"01234 598063";"0197 952520";"L.Krusemark@lmail.de";"l.krusemark@dienst.lmail.com";"true";"true"
"KUGL";"LEHRKRAFT";"Frau";"";"";"Kuglann";"Ursula";"4";"1956-03-04";"000";"Lehmgasse";"40";"";"41540";"Dormagen";"01234 448275";"0197 385858";"U.Kuglann@lmail.de";"u.kuglann@dienst.lmail.com";"true";"false"
"KUHN";"LEHRKRAFT";"Frau";"";"";"Kuhn";"Christin";"4";"1988-12-05";"000";"Chaussee nach Berlin";"205";"";"41564";"Kaarst";"01234 472358";"0197 488600";"C.Kuhn@lmail.de";"c.kuhn@dienst.lmail.com";"true";"false"
"KUNO";"LEHRKRAFT";"Herr";"";"";"Kunow";"Klaus";"3";"1953-05-14";"000";"Markgrafenstraße";"106";"";"45239";"Essen";"01234 474745";"0197 996550";"K.Kunow@lmail.de";"k.kunow@dienst.lmail.com";"true";"true"
"KUT1";"LEHRKRAFT";"Frau";"";"";"Kutzki";"Franziska";"4";"1987-05-19";"000";"Kleine Wallstraße";"495";"";"46244";"Bottrop";"01234 875145";"0197 267106";"F.Kutzki@lmail.de";"f.kutzki@dienst.lmail.com";"true";"true"
"KÖH1";"LEHRKRAFT";"Herr";"";"";"Köhn";"Erik";"3";"1984-10-29";"000";"An den Bänken";"242";"";"40468";"Düsseldorf";"01234 171092";"0197 884847";"E.Koehn@lmail.de";"e.koehn@dienst.lmail.com";"true";"false"
"KÜNN";"LEHRKRAFT";"";"";"";"Künne";"Mike";"3";"1968-09-09";"000";"Spreegäßlein";"475";"";"44867";"Bochum";"01234 366692";"0197 836404";"M.Kuenne@lmail.de";"m.kuenne@dienst.lmail.com";"true";"true"
"LABR";"LEHRKRAFT";"Frau";"";"";"Labrot";"Claudia";"4";"1961-10-17";"000";"Stresemannstraße";"362";"";"48149";"Münster";"01234 677609";"0197 515979";"C.Labrot@lmail.de";"c.labrot@dienst.lmail.com";"true";"true"
"LAMP";"LEHRKRAFT";"Frau";"";"";"Lampe";"Claudia";"4";"1955-10-13";"000";"Rückertstraße";"168";"";"47802";"Krefeld";"01234 639261";"0197 234241";"C.Lampe@lmail.de";"c.lampe@dienst.lmail.com";"true";"true"
"LAPP";"LEHRKRAFT";"Frau";"";"";"Lappe";"Christine";"4";"1992-07-10";"000";"Littenstraße";"235";"";"48619";"Heek";"01234 715210";"0197 977635";"C.Lappe@lmail.de";"c.lappe@dienst.lmail.com";"true";"true"
"LAU1";"LEHRKRAFT";"Frau";"";"";"Laurent";"Heike";"4";"1983-04-12";"000";"Minkwitzweg";"494";"";"44357";"Dortmund";"01234 917040";"0197 199561";"H.Laurent@lmail.de";"h.laurent@dienst.lmail.com";"true";"true"
"LAUB";"LEHRKRAFT";"Frau";"";"";"Laubmeyer";"Birgit";"4";"1987-11-06";"000";"Stubenrauchstraße";"153";"";"50969";"Köln";"01234 348162";"0197 139470";"B.Laubmeyer@lmail.de";"b.laubmeyer@dienst.lmail.com";"true";"true"
"LAUG";"LEHRKRAFT";"Frau";"";"";"Laughton";"Anne";"4";"1989-04-03";"000";"Baldurstraße";"390";"";"59387";"Ascheberg";"01234 450256";"0197 992301";"A.Laughton@lmail.de";"a.laughton@dienst.lmail.com";"true";"true"
"LAUR";"LEHRKRAFT";"Frau";"";"";"Laurentsen";"Annett";"4";"1985-01-27";"000";"Barbenweg";"108";"";"41470";"Neuss";"01234 484586";"0197 520521";"A.Laurentsen@lmail.de";"a.laurentsen@dienst.lmail.com";"true";"true"
"LAUT";"LEHRKRAFT";"Frau";"";"";"Lauterbach";"Anne";"4";"1983-02-15";"000";"Schreberplatz";"359";"";"45470";"Mülheim";"01234 400012";"0197 299248";"A.Lauterbach@lmail.de";"a.lauterbach@dienst.lmail.com";"true";"false"
"LIEB";"LEHRKRAFT";"Frau";"";"";"Liebner";"Sabrina";"4";"1983-12-10";"000";"Triniusstraße";"458";"";"41236";"Mönchengladbach";"01234 876298";"0197 320812";"S.Liebner@lmail.de";"s.liebner@dienst.lmail.com";"true";"false"
"LOHE";"LEHRKRAFT";"Herr";"";"";"Lohe";"Robert";"3";"1988-02-25";"000";"Schloßbauplatz";"177";"";"47804";"Krefeld";"01234 699332";"0197 300192";"R.Lohe@lmail.de";"r.lohe@dienst.lmail.com";"true";"true"
"LORE";"LEHRKRAFT";"Frau";"";"";"Lorenses";"Lea";"4";"1992-11-15";"000";"Beutenweg";"37";"";"40477";"Düsseldorf";"01234 736376";"0197 840550";"L.Lorenses@lmail.de";"l.lorenses@dienst.lmail.com";"true";"true"
"LOTT";"LEHRKRAFT";"Herr";"";"";"Lottmann";"Jan";"3";"1979-06-18";"000";"Friedrich-Wilhelm-Platz";"418";"";"47529";"Duisburg";"01234 261438";"0197 653060";"J.Lottmann@lmail.de";"j.lottmann@dienst.lmail.com";"true";"false"
"LÜHR";"LEHRKRAFT";"Frau";"";"";"Lührs";"Juliane";"4";"1966-12-12";"000";"Adam-von-Trott-Straße";"282";"";"48703";"Stadtlohn";"01234 774335";"0197 270684";"J.Luehrs@lmail.de";"j.luehrs@dienst.lmail.com";"true";"false"
"MAGU";"LEHRKRAFT";"Herr";"";"";"Maguire";"Dieter";"3";"1990-05-04";"000";"Am Bahnhof Jungfernheide";"320";"";"42277";"Wuppertal";"01234 392830";"0197 734534";"D.Maguire@lmail.de";"d.maguire@dienst.lmail.com";"true";"false"
"MAR1";"LEHRKRAFT";"Frau";"";"";"Martin";"Antje";"4";"1980-07-09";"000";"Leuschnerdamm";"143";"";"40477";"Düsseldorf";"01234 987988";"0197 522968";"A.Martin@lmail.de";"a.martin@dienst.lmail.com";"true";"true"
"MATT";"LEHRKRAFT";"Frau";"";"";"Matthiesen";"Karolin";"4";"1986-08-12";"000";"Klostergasse";"293";"";"42277";"Wuppertal";"01234 303906";"0197 972182";"K.Matthiesen@lmail.de";"k.matthiesen@dienst.lmail.com";"true";"true"
"MAYF";"LEHRKRAFT";"Frau";"";"";"Mayfield";"Brigitte";"4";"1978-03-19";"000";"Alter Radelander Weg";"274";"";"42117";"Wuppertal";"01234 690340";"0197 288128";"B.Mayfield@lmail.de";"b.mayfield@dienst.lmail.com";"true";"true"
"MCCL";"LEHRKRAFT";"Frau";"";"";"McClendon";"Annett";"4";"1986-07-07";"000";"Finkengasse";"128";"";"53819";"Neunkirchen-Seelscheid";"01234 246947";"0197 345165";"A.McClendon@lmail.de";"a.mcclendon@dienst.lmail.com";"true";"false"
"MEY";"LEHRKRAFT";"Herr";"";"";"Mey";"Tim";"3";"1981-02-16";"000";"Carmerstraße";"379";"";"47269";"Duisburg";"01234 672674";"0197 402508";"T.Mey@lmail.de";"t.mey@dienst.lmail.com";"true";"false"
"MEY1";"LEHRKRAFT";"Frau";"";"";"Meyer";"Jana";"4";"1985-11-24";"000";"Elsterweg";"461";"";"46147";"Oberhausen";"01234 203153";"0197 497757";"J.Meyer@lmail.de";"j.meyer@dienst.lmail.com";"true";"true"
"MEY2";"LEHRKRAFT";"Frau";"";"";"Meyer";"Diana";"4";"1984-01-09";"000";"Eitelsdorfer Straße";"308";"";"45329";"Essen";"01234 652728";"0197 933090";"D.Meyer@lmail.de";"d.meyer@dienst.lmail.com";"true";"true"
"MINN";"LEHRKRAFT";"Herr";"";"";"Minning";"Steffen";"3";"1968-05-30";"000";"Schulzendorfer Straße";"331";"";"46483";"Wesel";"01234 635820";"0197 801387";"S.Minning@lmail.de";"s.minning@dienst.lmail.com";"true";"false"
"MOHN";"LEHRKRAFT";"Frau";"";"";"Mohnke";"Annett";"4";"1986-05-15";"000";"Kremmener Straße";"33";"";"59519";"Möhnesee";"01234 140291";"0197 400799";"A.Mohnke@lmail.de";"a.mohnke@dienst.lmail.com";"true";"false"
"MONI";"LEHRKRAFT";"Frau";"";"";"Monin";"Uta";"4";"1992-06-27";"000";"Flakenseestraße";"32";"";"33607";"Bielefeld";"01234 204414";"0197 418038";"U.Monin@lmail.de";"u.monin@dienst.lmail.com";"true";"true"
"MUTH";"LEHRKRAFT";"Frau";"";"";"Muth";"Anja";"4";"1990-06-01";"000";"Neue Gasse";"96";"";"50354";"Hürth";"01234 923754";"0197 904295";"A.Muth@lmail.de";"a.muth@dienst.lmail.com";"true";"true"
"MÖLL";"LEHRKRAFT";"Herr";"";"";"Möller";"Paul";"3";"1968-01-08";"000";"Schilfsängersteig";"105";"";"42369";"Wuppertal";"01234 804230";"0197 701022";"P.Moeller@lmail.de";"p.moeller@dienst.lmail.com";"true";"true"
"NAME";"LEHRKRAFT";"Frau";"";"";"Namens";"Karin";"4";"1983-07-25";"000";"Schönfärberplatz";"486";"";"37688";"Beverungen";"01234 957893";"0197 260415";"K.Namens@lmail.de";"k.namens@dienst.lmail.com";"true";"true"
"NICO";"LEHRKRAFT";"Frau";"";"";"Nicolaysen";"Melanie";"4";"1964-06-28";"000";"Alteneckstraße";"28";"";"45663";"Recklinghausen";"01234 887276";"0197 362118";"M.Nicolaysen@lmail.de";"m.nicolaysen@dienst.lmail.com";"true";"true"
"NIEH";"LEHRKRAFT";"Herr";"";"";"Niehues";"Michael";"3";"1956-05-12";"000";"Fürstenwalder Damm";"9";"";"48366";"Laer";"01234 578009";"0197 611800";"M.Niehues@lmail.de";"m.niehues@dienst.lmail.com";"true";"false"
"NIER";"LEHRKRAFT";"Frau";"";"";"Nierdrschlg";"Petra";"4";"1975-01-25";"000";"Epiphanienweg";"456";"";"32369";"Rahden";"01234 691030";"0197 681006";"P.Nierdrschlg@lmail.de";"p.nierdrschlg@dienst.lmail.com";"true";"true"
"NITS";"LEHRKRAFT";"Frau";"";"";"Nitschke";"Maria";"4";"1979-07-12";"000";"Müggelheimer Straße";"255";"";"59597";"Erwitte";"01234 505733";"0197 818153";"M.Nitschke@lmail.de";"m.nitschke@dienst.lmail.com";"true";"true"
"ORRO";"LEHRKRAFT";"Frau";"";"";"Orro";"Annett";"4";"1961-08-15";"000";"Buriger Weg";"141";"";"33824";"Werther";"01234 200034";"0197 465751";"A.Orro@lmail.de";"a.orro@dienst.lmail.com";"true";"true"
"PAV1";"LEHRKRAFT";"Frau";"";"";"Paven";"Monika";"4";"1985-05-18";"000";"Kalkscheunengasse";"144";"";"40878";"Ratingen";"01234 606207";"0197 730905";"M.Paven@lmail.de";"m.paven@dienst.lmail.com";"true";"true"
"PAVE";"LEHRKRAFT";"Herr";"";"";"Paven";"Max";"3";"1962-12-13";"000";"Pfeiffergasse";"66";"";"50968";"Köln";"01234 503974";"0197 499808";"M.Paven@lmail.de";"m.paven@dienst.lmail.com";"true";"true"
"PEAC";"LEHRKRAFT";"Frau";"";"";"Peacock";"Anne";"4";"1993-11-22";"000";"Brückenstraße";"121";"";"57074";"Siegen";"01234 765708";"0197 151292";"A.Peacock@lmail.de";"a.peacock@dienst.lmail.com";"true";"true"
"PERR";"LEHRKRAFT";"Frau";"";"";"Perrinet";"Susanne";"4";"1976-11-13";"000";"Adlershofer Straße";"95";"";"51375";"Leverkusen";"01234 456887";"0197 836148";"S.Perrinet@lmail.de";"s.perrinet@dienst.lmail.com";"true";"false"
"PLOG";"LEHRKRAFT";"Frau";"";"";"Plogen";"Heike";"4";"1979-07-20";"000";"Berliner Straße";"275";"";"50827";"Köln";"01234 666091";"0197 106544";"H.Plogen@lmail.de";"h.plogen@dienst.lmail.com";"true";"false"
"POPP";"LEHRKRAFT";"Herr";"";"";"Poppe";"Klaus";"3";"1953-06-30";"000";"Kleine Gertraudenstraße";"3";"";"48341";"Altenberge";"01234 148576";"0197 570549";"K.Poppe@lmail.de";"k.poppe@dienst.lmail.com";"true";"false"
"PUTE";"LEHRKRAFT";"Herr";"";"";"Puterer";"Klaus";"3";"1974-02-08";"000";"Müggelheimer Landstraße";"124";"";"59427";"Unna";"01234 544085";"0197 824520";"K.Puterer@lmail.de";"k.puterer@dienst.lmail.com";"true";"true"
"RADE";"LEHRKRAFT";"Herr";"";"";"Rademacher";"Maik";"3";"1984-12-05";"000";"Treppendorfer Weg";"145";"";"51515";"Kürten";"01234 740095";"0197 601252";"M.Rademacher@lmail.de";"m.rademacher@dienst.lmail.com";"true";"true"
"REIS";"LEHRKRAFT";"Frau";"";"";"Reissel";"Andrea";"4";"1979-10-16";"000";"Keibelstraße";"148";"";"57392";"Schmallenberg";"01234 694319";"0197 157686";"A.Reissel@lmail.de";"a.reissel@dienst.lmail.com";"true";"true"
"RICK";"LEHRKRAFT";"Herr";"";"";"Rickends";"Ulrich";"3";"1977-12-09";"000";"Breestpromenade";"190";"";"58513";"Lüdenscheid";"01234 818260";"0197 748300";"U.Rickends@lmail.de";"u.rickends@dienst.lmail.com";"true";"false"
"RISS";"LEHRKRAFT";"Frau";"";"";"Risse";"Gabriele";"4";"1989-05-14";"000";"Grolmanstraße";"448";"";"41747";"Viersen";"01234 703597";"0197 319253";"G.Risse@lmail.de";"g.risse@dienst.lmail.com";"true";"true"
"ROSE";"LEHRKRAFT";"Herr";"";"";"Rosendaal";"Niklas";"3";"1986-09-10";"000";"Leipziger Straße";"300";"";"40549";"Düsseldorf";"01234 280149";"0197 821361";"N.Rosendaal@lmail.de";"n.rosendaal@dienst.lmail.com";"true";"true"
"ROST";"LEHRKRAFT";"Herr";"";"";"Rostek";"Frank";"3";"1980-06-07";"000";"Neue Grünstraße";"442";"";"51709";"Marienheide";"01234 715993";"0197 150288";"F.Rostek@lmail.de";"f.rostek@dienst.lmail.com";"true";"true"
"ROTZ";"LEHRKRAFT";"Frau";"";"";"Rotzoll";"Barbara";"4";"1956-03-24";"000";"Brixplatz";"13";"";"41239";"Mönchengladbach";"01234 178893";"0197 994423";"B.Rotzoll@lmail.de";"b.rotzoll@dienst.lmail.com";"true";"false"
"RUHN";"LEHRKRAFT";"Frau";"";"";"Ruhnke";"Diana";"4";"1953-01-14";"000";"Kirchgasse";"488";"";"41517";"Grevenbroich";"01234 618633";"0197 637637";"D.Ruhnke@lmail.de";"d.ruhnke@dienst.lmail.com";"true";"true"
"SACK";"LEHRKRAFT";"Herr";"";"";"Sackmann";"Jonas";"3";"1972-07-21";"000";"Brösener Straße";"269";"";"58706";"Menden";"01234 577753";"0197 524317";"J.Sackmann@lmail.de";"j.sackmann@dienst.lmail.com";"true";"true"
"SCH1";"LEHRKRAFT";"Frau";"";"";"Schulte-Hanhof";"Sarah";"4";"1963-07-25";"000";"Franklinstraße";"313";"";"57462";"Olpe";"01234 391127";"0197 375306";"S.Schulte-Hanhof@lmail.de";"s.schulte-hanhof@dienst.lmail.com";"true";"true"
"SCH2";"LEHRKRAFT";"Frau";"";"";"Schellhass";"Susanne";"4";"1951-11-27";"000";"Buchholzweg";"6";"";"41539";"Dormagen";"01234 566030";"0197 686270";"S.Schellhass@lmail.de";"s.schellhass@dienst.lmail.com";"true";"false"
"SCH3";"LEHRKRAFT";"Frau";"";"";"Schulze-Üsbeck";"Sabrina";"4";"1968-09-27";"000";"Stellingdamm";"310";"";"48691";"Vreden";"01234 562564";"0197 531810";"S.Schulze-Uesbeck@lmail.de";"s.schulze-uesbeck@dienst.lmail.com";"true";"false"
"SCH4";"LEHRKRAFT";"Herr";"";"";"Schroeder";"Leon";"3";"1959-08-16";"000";"Biberpelzstraße";"268";"";"50767";"Köln";"01234 299525";"0197 697765";"L.Schroeder@lmail.de";"l.schroeder@dienst.lmail.com";"true";"true"
"SCH5";"LEHRKRAFT";"Frau";"";"";"Schneider";"Jessika";"4";"1981-09-11";"000";"Friedbergstraße";"239";"";"47574";"Goch";"01234 667902";"0197 991037";"J.Schneider@lmail.de";"j.schneider@dienst.lmail.com";"true";"true"
"SCH6";"LEHRKRAFT";"Herr";"";"";"SchröderSatorius";"Sebastian";"3";"1963-09-02";"000";"Schönerlinder Straße";"241";"";"58507";"Lüdenscheid";"01234 758490";"0197 559430";"S.SchroederSatorius@lmail.de";"s.schroedersatorius@dienst.lmail.com";"true";"false"
"SCH7";"LEHRKRAFT";"Frau";"";"";"Schneider";"Jennifer";"4";"1983-01-07";"000";"Schwarzer Weg";"489";"";"44866";"Bochum";"01234 186135";"0197 931861";"J.Schneider@lmail.de";"j.schneider@dienst.lmail.com";"true";"false"
"SCH8";"LEHRKRAFT";"Herr";"";"";"Schaefer";"Daniel";"3";"1990-08-11";"000";"Am Kanal";"174";"";"41363";"Jüchen";"01234 349432";"0197 466434";"D.Schaefer@lmail.de";"d.schaefer@dienst.lmail.com";"true";"true"
"SCH9";"LEHRKRAFT";"Frau";"";"";"Schlacke";"Franziska";"4";"1989-07-05";"000";"Schornsteinfegergasse";"44";"";"47055";"Duisburg";"01234 260180";"0197 969077";"F.Schlacke@lmail.de";"f.schlacke@dienst.lmail.com";"true";"true"
"SCHO";"LEHRKRAFT";"Frau";"";"";"Scholz";"Katja";"4";"1992-05-21";"000";"Schloßplatz";"286";"";"42279";"Wuppertal";"01234 350906";"0197 948224";"K.Scholz@lmail.de";"k.scholz@dienst.lmail.com";"true";"false"
"SCHR";"LEHRKRAFT";"Herr";"";"";"Schrage";"Sebastian";"3";"1983-07-25";"000";"Eschenallee";"207";"";"50321";"Brühl";"01234 165062";"0197 422204";"S.Schrage@lmail.de";"s.schrage@dienst.lmail.com";"true";"false"
"SIEM";"LEHRKRAFT";"Frau";"";"";"Siemens";"Ines";"4";"1989-09-17";"000";"Chaussee von Charlottenburg";"174";"";"52351";"Düren";"01234 657602";"0197 964036";"I.Siemens@lmail.de";"i.siemens@dienst.lmail.com";"true";"false"
"SPEC";"LEHRKRAFT";"Frau";"";"";"Specht";"Maria";"4";"1982-08-04";"000";"Rodestraße";"25";"";"59069";"Hamm";"01234 503103";"0197 636560";"M.Specht@lmail.de";"m.specht@dienst.lmail.com";"true";"true"
"SPEN";"LEHRKRAFT";"Herr";"";"";"Spencer";"Dominik";"3";"1991-09-19";"000";"Schönhorster Straße";"401";"";"59581";"Warstein";"01234 158485";"0197 158971";"D.Spencer@lmail.de";"d.spencer@dienst.lmail.com";"true";"true"
"SPIE";"LEHRKRAFT";"Frau";"";"";"Spielmann";"Lena";"4";"1989-09-10";"000";"Neue Dorfstraße";"130";"";"52249";"Eschweiler";"01234 314284";"0197 112899";"L.Spielmann@lmail.de";"l.spielmann@dienst.lmail.com";"true";"true"
"STAH";"LEHRKRAFT";"Frau";"";"";"Stahlmann";"Sandra";"4";"1988-04-07";"000";"Gierkezeile";"324";"";"51545";"Waldbröl";"01234 454492";"0197 615473";"S.Stahlmann@lmail.de";"s.stahlmann@dienst.lmail.com";"true";"false"
"STEE";"LEHRKRAFT";"Frau";"";"";"Steege";"Monika";"4";"1997-02-04";"000";"Schillerstraße";"310";"";"41472";"Neuss";"01234 750315";"0197 505180";"M.Steege@lmail.de";"m.steege@dienst.lmail.com";"true";"true"
"STEF";"LEHRKRAFT";"Herr";"";"";"Steffens";"Andreas";"3";"1969-08-26";"000";"Goslarer Ufer";"467";"";"42111";"Wuppertal";"01234 191712";"0197 319011";"A.Steffens@lmail.de";"a.steffens@dienst.lmail.com";"true";"true"
"STEP";"LEHRKRAFT";"Herr";"";"";"Stephan";"René";"3";"1967-03-04";"000";"Scharnweberstraße";"245";"";"51645";"Gummersbach";"01234 918667";"0197 795640";"R.Stephan@lmail.de";"r.stephan@dienst.lmail.com";"true";"true"
"STEY";"LEHRKRAFT";"Frau";"";"";"Stey";"Ulrike";"4";"1987-12-07";"000";"Finkeldeweg";"154";"";"53949";"Dahlem";"01234 545400";"0197 710407";"U.Stey@lmail.de";"u.stey@dienst.lmail.com";"true";"true"
"STOC";"LEHRKRAFT";"Frau";"";"";"Stockmeyer";"Christina";"4";"1993-12-19";"000";"Nagelgasse";"49";"";"57076";"Siegen";"01234 974021";"0197 391587";"C.Stockmeyer@lmail.de";"c.stockmeyer@dienst.lmail.com";"true";"true"
"STRA";"LEHRKRAFT";"Frau";"";"";"Strack";"Karolin";"4";"1987-01-04";"000";"Brassenpfad";"158";"";"32756";"Detmold";"01234 422155";"0197 888855";"K.Strack@lmail.de";"k.strack@dienst.lmail.com";"true";"true"
"STUP";"LEHRKRAFT";"Frau";"";"";"Stupperich";"Gabriele";"4";"1948-12-25";"000";"Guerickestraße";"429";"";"32049";"Herford";"01234 902482";"0197 329080";"G.Stupperich@lmail.de";"g.stupperich@dienst.lmail.com";"true";"false"
"SUET";"LEHRKRAFT";"Herr";"";"";"Suethausen";"Stefan";"3";"1984-10-07";"000";"Gatschkestraße";"267";"";"59269";"Beckum";"01234 173451";"0197 985276";"S.Suethausen@lmail.de";"s.suethausen@dienst.lmail.com";"true";"true"
"SYDO";"LEHRKRAFT";"Frau";"";"";"Sydow";"Sara";"4";"1954-09-06";"000";"Koppescher Armenfriedhof";"15";"";"57439";"Attendorn";"01234 723261";"0197 767521";"S.Sydow@lmail.de";"s.sydow@dienst.lmail.com";"true";"false"
"TELC";"LEHRKRAFT";"Frau";"";"";"Telchow";"Diana";"4";"1963-11-10";"000";"Alsenzer Weg";"344";"";"84405";"Dorfen";"01234 916099";"0197 563329";"D.Telchow@lmail.de";"d.telchow@dienst.lmail.com";"true";"true"
"THI1";"LEHRKRAFT";"Frau";"";"";"Thiele";"Claudia";"4";"1974-10-29";"000";"Swinemünder Straße";"275";"";"41515";"Grevenbroich";"01234 245398";"0197 463520";"C.Thiele@lmail.de";"c.thiele@dienst.lmail.com";"true";"true"
"THI2";"LEHRKRAFT";"Frau";"";"";"Thiede";"Martina";"4";"1984-01-12";"000";"Kakernacks Geßlein";"150";"";"50858";"Köln";"01234 226875";"0197 646869";"M.Thiede@lmail.de";"m.thiede@dienst.lmail.com";"true";"true"
"THOM";"LEHRKRAFT";"Herr";"";"";"Thomas";"Frank";"3";"1965-12-15";"000";"Färberstraße";"354";"";"57482";"Wenden";"01234 162821";"0197 585447";"F.Thomas@lmail.de";"f.thomas@dienst.lmail.com";"true";"true"
"TODT";"LEHRKRAFT";"Frau";"";"";"Todt";"Jessica";"4";"1978-04-05";"000";"Tabbertstraße";"206";"";"59557";"Lippstadt";"01234 563749";"0197 595628";"J.Todt@lmail.de";"j.todt@dienst.lmail.com";"true";"true"
"TREI";"LEHRKRAFT";"Frau";"";"";"Treinen";"Sarah";"4";"1983-07-01";"000";"Schönholzer Straße";"332";"";"59872";"Meschede";"01234 292419";"0197 365042";"S.Treinen@lmail.de";"s.treinen@dienst.lmail.com";"true";"true"
"VISA";"LEHRKRAFT";"Herr";"";"";"Visard";"Dennis";"3";"1977-05-14";"000";"Frankenbergstraße";"332";"";"52152";"Simmerath";"01234 694947";"0197 399145";"D.Visard@lmail.de";"d.visard@dienst.lmail.com";"true";"true"
"VOLQ";"LEHRKRAFT";"Frau";"";"";"Volquartsen";"Claudia";"4";"1994-10-17";"000";"Koppescher Armenfriedhof";"101";"";"48165";"Münster";"01234 504108";"0197 397096";"C.Volquartsen@lmail.de";"c.volquartsen@dienst.lmail.com";"true";"true"
"WALM";"LEHRKRAFT";"Frau";"";"";"Walmeyer";"Sarah";"4";"1965-12-10";"000";"Forstmeisterweg";"470";"";"52222";"Stolberg";"01234 862621";"0197 753592";"S.Walmeyer@lmail.de";"s.walmeyer@dienst.lmail.com";"true";"false"
"WALP";"LEHRKRAFT";"Frau";"";"";"Walpurgis";"Birgit";"4";"1964-11-28";"000";"Letzte Straße";"204";"";"58089";"Hagen";"01234 822471";"0197 215351";"B.Walpurgis@lmail.de";"b.walpurgis@dienst.lmail.com";"true";"true"
"WAZI";"LEHRKRAFT";"Frau";"";"";"Wazingjack";"Nadine";"4";"1968-06-26";"000";"Segewaldweg";"262";"";"41379";"Brüggen";"01234 455386";"0197 560161";"N.Wazingjack@lmail.de";"n.wazingjack@dienst.lmail.com";"true";"false"
"WEI1";"LEHRKRAFT";"Herr";"";"";"Weidmann";"Niklas";"3";"1977-03-13";"000";"Enkenbacher Weg";"155";"";"40789";"Monheim";"01234 278403";"0197 817620";"N.Weidmann@lmail.de";"n.weidmann@dienst.lmail.com";"true";"false"
"WEIN";"LEHRKRAFT";"Herr";"";"";"Weinmayr";"Marcel";"3";"1986-11-21";"000";"Königsmauer";"225";"";"48153";"Münster";"01234 702666";"0197 925045";"M.Weinmayr@lmail.de";"m.weinmayr@dienst.lmail.com";"true";"true"
"WERI";"LEHRKRAFT";"Frau";"";"";"Wering";"Antje";"4";"1975-12-12";"000";"Bölschestraße";"282";"";"45147";"Essen";"01234 532675";"0197 296279";"A.Wering@lmail.de";"a.wering@dienst.lmail.com";"true";"true"
"WIEG";"LEHRKRAFT";"Frau";"";"";"WiegmannHaardt";"Lisa";"4";"1996-08-02";"000";"Kirchgasse";"36";"";"32339";"Espelkamp";"01234 835752";"0197 179813";"L.WiegmannHaardt@lmail.de";"l.wiegmannhaardt@dienst.lmail.com";"true";"true"
"WIEL";"LEHRKRAFT";"Frau";"";"";"Wielitzka";"Susanne";"4";"1952-05-23";"000";"Mühlenstraße";"495";"";"51063";"Köln";"01234 503963";"0197 129311";"S.Wielitzka@lmail.de";"s.wielitzka@dienst.lmail.com";"true";"false"
"WIL1";"LEHRKRAFT";"Herr";"";"";"Wilkau";"Jens";"3";"1992-03-03";"000";"Schreberplatz";"100";"";"59510";"Lippetal";"01234 690137";"0197 177159";"J.Wilkau@lmail.de";"j.wilkau@dienst.lmail.com";"true";"true"
"WOJA";"LEHRKRAFT";"Frau";"";"";"Wojahn";"Sophie";"4";"1968-04-02";"000";"Frankenallee";"447";"";"59602";"Rüthen";"01234 400499";"0197 275178";"S.Wojahn@lmail.de";"s.wojahn@dienst.lmail.com";"true";"true"
"WUBB";"LEHRKRAFT";"Frau";"";"";"Wubben";"Anna";"4";"1992-10-22";"000";"Frankstraße";"132";"";"59368";"Werne";"01234 900042";"0197 711340";"A.Wubben@lmail.de";"a.wubben@dienst.lmail.com";"true";"true"
"ZAR1";"LEHRKRAFT";"Herr";"";"";"Zarniko";"Philipp";"3";"1989-12-10";"000";"Stillerzeile";"405";"";"58509";"Lüdenscheid";"01234 348967";"0197 199524";"P.Zarniko@lmail.de";"p.zarniko@dienst.lmail.com";"true";"true"
"ZARN";"LEHRKRAFT";"Frau";"";"";"Zarniko";"Marie";"4";"1984-06-28";"000";"Stettiner Fußgängertunnel";"66";"";"48720";"Rosendahl";"01234 575159";"0197 849285";"M.Zarniko@lmail.de";"m.zarniko@dienst.lmail.com";"true";"true"
"ZIEC";"LEHRKRAFT";"Frau";"";"";"Ziecker";"Anna";"4";"1988-09-27";"000";"Schönhauser Communication";"87";"";"33175";"Bad Lippspringe";"01234 494114";"0197 912672";"A.Ziecker@lmail.de";"a.ziecker@dienst.lmail.com";"true";"true"
"ZIEG";"LEHRKRAFT";"Herr";"";"";"Ziegenhagen";"Martin";"3";"1967-03-14";"000";"Buchhornstraße";"44";"";"59073";"Hamm";"01234 150627";"0197 503544";"M.Ziegenhagen@lmail.de";"m.ziegenhagen@dienst.lmail.com";"true";"false"
"ZIME";"LEHRKRAFT";"Frau";"";"";"Zimen";"Silke";"4";"1991-01-11";"000";"Adlergestell";"30";"";"53797";"Lohmar";"01234 733746";"0197 747424";"S.Zimen@lmail.de";"s.zimen@dienst.lmail.com";"true";"true"
