"nachname";"vorname";"geburtsdatum";"erzieherart";"anrede1";"titel1";"nachname1";"vorname1";"email1";"staatsangehoerigkeit1";"anrede2";"titel2";"nachname2";"vorname2";"email2";"staatsangehoerigkeit2";"strasse";"hausnummer";"hausnummerzusatz";"plz";"ort";"ortsteil";"anschreiben";"bemerkungen"
"Yılmaz";"Fatima";"15.03.2008";"Eltern";"Frau";"";"Yılmaz";"Ayşe";"a.yilmaz@privat.de";"TUR";"Herr";"";"Yılmaz";"Mehmet";"m.yilmaz@privat.de";"TUR";"Rosenstraße";"12";"a";"40210";"Düsseldorf";"";"J";""
"Wisniewski";"Marek";"22.09.2006";"Schüler ist volljährig";"Herr";"";"Wisniewski";"Marek";"m.wisniewski@privat.de";"POL";"";"";"";"";"";"";"Kaiserstraße";"7";"";"60311";"Frankfurt";"";"J";""
"Wisniewski";"Marek";"22.09.2006";"Mutter";"Frau";"";"Wisniewska";"Katarzyna";"k.wisniewska@privat.de";"POL";"";"";"";"";"";"";"Kaiserstraße";"7";"";"60311";"Frankfurt";"";"N";"Erhält auf Wunsch des Schülers keine Anschreiben"
"Müller";"Anna";"12.04.2007";"Eltern";"Frau";"Dr.";"Müller";"Sabine";"s.mueller@privat.de";"DEU";"Herr";"";"Müller";"Thomas";"";"DEU";"Westfalenstraße";"15";"";"44137";"Dortmund";"";"J";""
"Schmidt";"Thomas";"22.09.2008";"Vater";"Herr";"";"Schmidt";"Andreas";"a.schmidt@privat.de";"DEU";"";"";"";"";"";"";"Ruhrallee";"8";"";"45127";"Essen";"";"J";"Sorgerecht beim Vater"
"Schneider";"Lisa";"05.07.2006";"Pflegeeltern";"Frau";"";"Becker";"Martina";"";"DEU";"Herr";"";"Becker";"Ralf";"";"DEU";"Aachener Straße";"120";"";"50667";"Köln";"";"J";""
"Fischer";"Jan";"30.01.2009";"Mutter";"Frau";"";"Fischer";"Claudia";"c.fischer@privat.de";"DEU";"";"";"";"";"";"";"Kortumstraße";"44";"";"44789";"Bochum";"";"J";""
"Weber";"Sophie";"19.11.2007";"Eltern";"Frau";"";"Weber";"Julia";"weber.familie@privat.de";"DEU";"Frau";"";"Klein";"Sandra";"";"DEU";"Prinzipalmarkt";"3";"";"48143";"Münster";"";"J";""
"Meyer";"Lukas";"08.03.2008";"Großeltern";"Frau";"";"Meyer";"Gertrud";"";"DEU";"Herr";"";"Meyer";"Heinz";"";"DEU";"Bahnhofstraße";"22";"";"33602";"Bielefeld";"";"J";""
"Wagner";"Emma";"14.06.2009";"Eltern";"Frau";"Prof. Dr.";"Wagner";"Eva";"e.wagner@uni.de";"AUT";"Herr";"";"Wagner";"Peter";"p.wagner@privat.de";"DEU";"Pontstraße";"56";"";"52062";"Aachen";"";"J";""
